/*
Navicat MySQL Data Transfer

Source Server         : MySQL
Source Server Version : 50621
Source Host           : localhost:3306
Source Database       : 7stockweb

Target Server Type    : MYSQL
Target Server Version : 50621
File Encoding         : 65001

Date: 2015-05-14 13:29:08
*/

SET FOREIGN_KEY_CHECKS=0;

-- ----------------------------
-- Table structure for `tblbranch`
-- ----------------------------
DROP TABLE IF EXISTS `tblbranch`;
CREATE TABLE `tblbranch` (
  `BranchID` text,
  `BranchName` text,
  `Decription` text
) ENGINE=InnoDB DEFAULT CHARSET=utf8;

-- ----------------------------
-- Records of tblbranch
-- ----------------------------
INSERT INTO `tblbranch` VALUES ('123', 'A', 'Branch A');
INSERT INTO `tblbranch` VALUES ('1431574109', 'Branch B', '');

-- ----------------------------
-- Table structure for `tblprdsaletem`
-- ----------------------------
DROP TABLE IF EXISTS `tblprdsaletem`;
CREATE TABLE `tblprdsaletem` (
  `IP` text,
  `ProductID` text,
  `ProductName` text,
  `BranchID` text,
  `ProductCategoryID` text,
  `ProductCode` text,
  `QTY` int(11) DEFAULT NULL,
  `BuyPrice` float DEFAULT NULL,
  `SalePrice` float DEFAULT NULL,
  `PrdCopied` int(11) DEFAULT NULL,
  `UpdateTem` int(11) DEFAULT NULL
) ENGINE=InnoDB DEFAULT CHARSET=utf8;

-- ----------------------------
-- Records of tblprdsaletem
-- ----------------------------

-- ----------------------------
-- Table structure for `tblprdtem`
-- ----------------------------
DROP TABLE IF EXISTS `tblprdtem`;
CREATE TABLE `tblprdtem` (
  `IP` text,
  `ProductID` text,
  `ProductName` text,
  `ProductCategoryID` text,
  `ProductCode` text,
  `QTY` int(11) DEFAULT NULL,
  `BuyPrice` float DEFAULT NULL,
  `SalePrice` float DEFAULT NULL,
  `PrdCopied` int(11) DEFAULT NULL,
  `UpdateTem` int(11) DEFAULT NULL,
  `BranchID` int(11) DEFAULT NULL
) ENGINE=InnoDB DEFAULT CHARSET=utf8;

-- ----------------------------
-- Records of tblprdtem
-- ----------------------------

-- ----------------------------
-- Table structure for `tblproductcategory`
-- ----------------------------
DROP TABLE IF EXISTS `tblproductcategory`;
CREATE TABLE `tblproductcategory` (
  `ProductCategoryID` text,
  `ProductCategoryName` text,
  `Decription` text
) ENGINE=InnoDB DEFAULT CHARSET=utf8;

-- ----------------------------
-- Records of tblproductcategory
-- ----------------------------
INSERT INTO `tblproductcategory` VALUES ('1431574008', 'Other', '');

-- ----------------------------
-- Table structure for `tblproducts`
-- ----------------------------
DROP TABLE IF EXISTS `tblproducts`;
CREATE TABLE `tblproducts` (
  `ProductID` text,
  `ProductName` text,
  `ProductCategoryID` text,
  `ProductCode` text,
  `Qty` int(11) DEFAULT NULL,
  `BuyPrice` float DEFAULT NULL,
  `SalePrice` float DEFAULT NULL,
  `Decription` text
) ENGINE=InnoDB DEFAULT CHARSET=utf8;

-- ----------------------------
-- Records of tblproducts
-- ----------------------------
INSERT INTO `tblproducts` VALUES ('1431574024', 'Iphone 4s', '1431574008', '', '10', '1', '13', null);

-- ----------------------------
-- Table structure for `tblproductsbranch`
-- ----------------------------
DROP TABLE IF EXISTS `tblproductsbranch`;
CREATE TABLE `tblproductsbranch` (
  `ProductID` text,
  `BranchID` text,
  `BuyPrice` float DEFAULT NULL,
  `OtherCost` float DEFAULT NULL,
  `SalePrice` float DEFAULT NULL,
  `Qty` float DEFAULT NULL,
  `QtyInstock` float DEFAULT NULL,
  `TotalBuyPrice` float DEFAULT NULL,
  `Decription` text,
  `FromBranchID` text,
  `FromPrdID` text
) ENGINE=InnoDB DEFAULT CHARSET=utf8;

-- ----------------------------
-- Records of tblproductsbranch
-- ----------------------------
INSERT INTO `tblproductsbranch` VALUES ('1431574024', '123', '1', '0.3', '13', '7', '0', '10', null, null, null);
INSERT INTO `tblproductsbranch` VALUES ('1431574024', '1431574109', '1', null, '13', '5', null, null, '1-1431574109', '123', '1431574024');

-- ----------------------------
-- Table structure for `tblproducts_buy`
-- ----------------------------
DROP TABLE IF EXISTS `tblproducts_buy`;
CREATE TABLE `tblproducts_buy` (
  `BuyID` text,
  `BuyDate` datetime DEFAULT NULL,
  `UserID` text,
  `Decription` text
) ENGINE=InnoDB DEFAULT CHARSET=utf8;

-- ----------------------------
-- Records of tblproducts_buy
-- ----------------------------
INSERT INTO `tblproducts_buy` VALUES ('1431574026', '2015-05-14 10:27:06', '1', '');
INSERT INTO `tblproducts_buy` VALUES ('1431579613', '2015-05-14 12:00:13', '1431574431', '');

-- ----------------------------
-- Table structure for `tblproducts_buydetail`
-- ----------------------------
DROP TABLE IF EXISTS `tblproducts_buydetail`;
CREATE TABLE `tblproducts_buydetail` (
  `BuyDetailID` text,
  `BuyID` text,
  `UserID` text,
  `ProductID` text,
  `Qty` float DEFAULT NULL,
  `BuyPrice` float DEFAULT NULL,
  `OtherCost` float DEFAULT NULL,
  `Decription` text
) ENGINE=InnoDB DEFAULT CHARSET=utf8;

-- ----------------------------
-- Records of tblproducts_buydetail
-- ----------------------------
INSERT INTO `tblproducts_buydetail` VALUES ('14315740261', '1431574026', '1', '1431574024', '10', '1', '0.5', '');
INSERT INTO `tblproducts_buydetail` VALUES ('14315796131', '1431579613', '1431574431', '1431574024', '3', '1', null, '');

-- ----------------------------
-- Table structure for `tblusers`
-- ----------------------------
DROP TABLE IF EXISTS `tblusers`;
CREATE TABLE `tblusers` (
  `UserID` text,
  `BranchID` text,
  `UserName` text,
  `Password` text,
  `Level` int(11) DEFAULT NULL,
  `Decription` text,
  `Status` int(11) DEFAULT NULL
) ENGINE=InnoDB DEFAULT CHARSET=utf8;

-- ----------------------------
-- Records of tblusers
-- ----------------------------
INSERT INTO `tblusers` VALUES ('1', '123', 'admin', 'a09sNXhtNExpZ1MwZkJSY0wwVGxiQT09', '1', '', '1');
INSERT INTO `tblusers` VALUES ('1431574431', '123', 'aa', 'T3JITG9YU1FtWHB5cUJuN0tOUU1BUT09', '2', '', '1');

-- ----------------------------
-- Table structure for `tbl_customerorder`
-- ----------------------------
DROP TABLE IF EXISTS `tbl_customerorder`;
CREATE TABLE `tbl_customerorder` (
  `CustomerOrderID` text,
  `BranchID` text,
  `ToBranchID` text,
  `InvoiceNo` text,
  `CustomerOrderDate` datetime DEFAULT NULL,
  `Total` float DEFAULT NULL,
  `perDicount` float DEFAULT NULL,
  `AmtDiscount` float DEFAULT NULL,
  `GTotal` float DEFAULT NULL,
  `Recieve` float DEFAULT NULL,
  `Return` float DEFAULT NULL,
  `Decription` text,
  `UserID` text,
  `SelltoOtherBranch` text
) ENGINE=InnoDB DEFAULT CHARSET=utf8;

-- ----------------------------
-- Records of tbl_customerorder
-- ----------------------------
INSERT INTO `tbl_customerorder` VALUES ('1431574089', '123', null, '1431574089', '2015-05-14 10:28:09', null, null, null, null, null, null, null, '1', null);
INSERT INTO `tbl_customerorder` VALUES ('1431574123', '1431574109', null, '1431574123', '2015-05-14 10:28:43', null, null, null, null, null, null, '1-1431574109', '1', '1431574109');
INSERT INTO `tbl_customerorder` VALUES ('1431579703', '123', null, '1431579703', '2015-05-14 12:01:43', null, null, null, null, null, null, null, '1', null);

-- ----------------------------
-- Table structure for `tbl_customerorderdetail`
-- ----------------------------
DROP TABLE IF EXISTS `tbl_customerorderdetail`;
CREATE TABLE `tbl_customerorderdetail` (
  `CustomerOrderDetailID` text,
  `BranchID` text,
  `ToBranchID` text,
  `CustomerOrderID` text,
  `ProductID` text,
  `Qty` float DEFAULT NULL,
  `OtherCost` float DEFAULT NULL,
  `BuyPrice` float DEFAULT NULL,
  `SalePrice` float DEFAULT NULL,
  `perDicount` float DEFAULT NULL,
  `AmtDiscount` float DEFAULT NULL,
  `LastSalePrice` float DEFAULT NULL,
  `Total` float DEFAULT NULL,
  `Decription` text
) ENGINE=InnoDB DEFAULT CHARSET=utf8;

-- ----------------------------
-- Records of tbl_customerorderdetail
-- ----------------------------
INSERT INTO `tbl_customerorderdetail` VALUES ('14315740891', '123', null, '1431574089', '1431574024', '2', null, '1', '13', '0', '0', '0', '26', 'Powered by 7Technology');
INSERT INTO `tbl_customerorderdetail` VALUES ('143157412311', '1431574109', null, '1431574123', '1431574024', '3', '2', '1', '13', '0', '0', '0', '39', 'Powered by 7Technology');
INSERT INTO `tbl_customerorderdetail` VALUES ('14315797031', '123', null, '1431579703', '1431574024', '1', '0.3', '1', '13', '0', '0', '0', '13', 'Powered by 7Technology');

-- ----------------------------
-- Procedure structure for `spCompanyInsert`
-- ----------------------------
DROP PROCEDURE IF EXISTS `spCompanyInsert`;
DELIMITER ;;
CREATE DEFINER=`root`@`localhost` PROCEDURE `spCompanyInsert`( 
IN 
_ComID NVARCHAR(500),
_ComName NVARCHAR(500),
_ComDate DATE,
_ComProfile NVARCHAR(500),
_ComMobile INT,
_ComEmail NVARCHAR(500),
_ComAddress NVARCHAR(500),
_ComZipCode INT,
_LastUpdate DATE,
_UserID NVARCHAR(500),
_PrdCategID NVARCHAR(500),
_ComStatus INT

)
BEGIN

INSERT INTO tblcompany(
	ComID,
	ComName,
	ComDate,
	ComProfile,
	ComMobileNumber,
	ComEmail,
	ComAddress,
	ComZipCode,
	LastUpdate,
	UserID,
	PrdCategID,
	ComStatus
)
	VALUES ( 
	_ComID,
	_ComName,
	_ComDate,
	_ComProfile,
	_ComMobile,
	_ComEmail,
	_ComAddress,
	_ComZipCode,
	_LastUpdate,
	_UserID,
	_PrdCategID,
	_ComStatus
);

END
;;
DELIMITER ;

-- ----------------------------
-- Procedure structure for `spSearchPrdBuy`
-- ----------------------------
DROP PROCEDURE IF EXISTS `spSearchPrdBuy`;
DELIMITER ;;
CREATE DEFINER=`root`@`localhost` PROCEDURE `spSearchPrdBuy`( 
IN _SearchPrdBuy NVARCHAR(500) )
BEGIN
	IF(_SearchPrdBuy) is NULL THEN
		SELECT 
			`tblproducts`.ProductID,
			`tblproducts`.ProductName,
			`tblproducts`.ProductCategoryID,
			tblproductcategory.ProductCategoryName,
			`tblproducts`.ProductCode,
			`tblproducts`.Qty,
			`tblproducts`.BuyPrice,
			`tblproducts`.SalePrice
			FROM `tblproducts`
			INNER JOIN tblproductcategory
			ON tblproducts.ProductCategoryID = tblproductcategory.ProductCategoryID ;
	ELSE
		SELECT 
			`tblproducts`.ProductID,
			`tblproducts`.ProductName,
			`tblproducts`.ProductCategoryID,
			tblproductcategory.ProductCategoryName,
			`tblproducts`.ProductCode,
			`tblproducts`.Qty,
			`tblproducts`.BuyPrice,
			`tblproducts`.SalePrice
			FROM `tblproducts`
			INNER JOIN tblproductcategory
			ON tblproducts.ProductCategoryID = tblproductcategory.ProductCategoryID
			WHERE  
			tblproducts.ProductName LIKE CONCAT(N'%' , _SearchPrdBuy , '%')
			OR tblproducts.ProductCode LIKE CONCAT(N'%' , _SearchPrdBuy , '%');
	END IF;
	

END
;;
DELIMITER ;

-- ----------------------------
-- Procedure structure for `spSearchPrdBuyHistory`
-- ----------------------------
DROP PROCEDURE IF EXISTS `spSearchPrdBuyHistory`;
DELIMITER ;;
CREATE DEFINER=`root`@`localhost` PROCEDURE `spSearchPrdBuyHistory`(IN _SearchPrdSale NVARCHAR(500), IN _SearchPrdBranch NVARCHAR(500))
BEGIN
	IF(_SearchPrdSale ) is NULL THEN
		SELECT 
				`tblproducts`.ProductID,
				`tblproducts`.ProductName,
				`tblproducts`.ProductCategoryID,
				tblproductcategory.ProductCategoryName,
				`tblproducts`.ProductCode,
				`tblproducts`.Qty,
				`tblproducts`.BuyPrice,
				`tblproducts`.SalePrice
				FROM `tblproducts`
				INNER JOIN tblproductcategory
				ON tblproducts.ProductCategoryID = tblproductcategory.ProductCategoryID
				INNER JOIN tblproductsbranch
				ON tblproducts.ProductID = tblproductsbranch.ProductID ;
	ELSE
		SELECT 
				`tblproducts`.ProductID,
				`tblproducts`.ProductName,
				`tblproducts`.ProductCategoryID,
				tblproductcategory.ProductCategoryName,
				`tblproducts`.ProductCode,
				`tblproducts`.Qty,
				`tblproducts`.BuyPrice,
				`tblproducts`.SalePrice
				FROM `tblproducts`
				INNER JOIN tblproductcategory
				ON tblproducts.ProductCategoryID = tblproductcategory.ProductCategoryID
				INNER JOIN tblproductsbranch
				ON tblproducts.ProductID = tblproductsbranch.ProductID
				WHERE ( `tblproducts`.ProductName LIKE CONCAT(N'%' , _SearchPrdSale  , '%') 
				OR `tblproducts`.ProductCode LIKE CONCAT(N'%' , _SearchPrdSale  , '%'))
				and tblproductsbranch.BranchID = '123' ;
			
	END IF;
	

END
;;
DELIMITER ;

-- ----------------------------
-- Procedure structure for `spSearchPrdSale`
-- ----------------------------
DROP PROCEDURE IF EXISTS `spSearchPrdSale`;
DELIMITER ;;
CREATE DEFINER=`root`@`localhost` PROCEDURE `spSearchPrdSale`(IN _SearchPrdSale NVARCHAR(500), IN _SearchPrdBranch NVARCHAR(500))
BEGIN
	IF(_SearchPrdSale ) is NULL THEN
		SELECT 
				`tblproducts`.ProductID,
				`tblproducts`.ProductName,
				`tblproducts`.ProductCategoryID,
				tblproductcategory.ProductCategoryName,
				`tblproducts`.ProductCode,
				`tblproducts`.Qty,
				`tblproducts`.BuyPrice,
				`tblproducts`.SalePrice
				FROM `tblproducts`
				INNER JOIN tblproductcategory
				ON tblproducts.ProductCategoryID = tblproductcategory.ProductCategoryID
				INNER JOIN tblproductsbranch
				ON tblproducts.ProductID = tblproductsbranch.ProductID ;
	ELSE
		SELECT 
				`tblproducts`.ProductID,
				`tblproducts`.ProductName,
				`tblproducts`.ProductCategoryID,
				tblproductcategory.ProductCategoryName,
				`tblproducts`.ProductCode,
				`tblproducts`.Qty,
				`tblproducts`.BuyPrice,
				`tblproducts`.SalePrice
				FROM `tblproducts`
				INNER JOIN tblproductcategory
				ON tblproducts.ProductCategoryID = tblproductcategory.ProductCategoryID
				INNER JOIN tblproductsbranch
				ON tblproducts.ProductID = tblproductsbranch.ProductID
				WHERE ( `tblproducts`.ProductName LIKE CONCAT(N'%' , _SearchPrdSale  , '%') 
				OR `tblproducts`.ProductCode LIKE CONCAT(N'%' , _SearchPrdSale  , '%'))
				and tblproductsbranch.BranchID = '123' ;
			
	END IF;
	

END
;;
DELIMITER ;

-- ----------------------------
-- Procedure structure for `spTestingSellingQty`
-- ----------------------------
DROP PROCEDURE IF EXISTS `spTestingSellingQty`;
DELIMITER ;;
CREATE DEFINER=`root`@`localhost` PROCEDURE `spTestingSellingQty`( 
IN _SearchPrdBuy NVARCHAR(500) )
BEGIN

		
	SELECT 
	`tblproducts`.ProductID,
	`tblproducts`.ProductName,
	`tblproducts`.ProductCode,
	`tblproducts`.ProductCategoryID,
	tblproductcategory.ProductCategoryName,
	tblproductsbranch.Qty,
	tblproductsbranch.BuyPrice,
	tblproductsbranch.SalePrice
	FROM `tblproducts`
	INNER JOIN tblproductcategory
	ON tblproducts.ProductCategoryID = tblproductcategory.ProductCategoryID
	INNER JOIN tblproductsbranch
	ON tblproducts.ProductID = tblproductsbranch.ProductID;
	

END
;;
DELIMITER ;

-- ----------------------------
-- Procedure structure for `spUserAccClearData`
-- ----------------------------
DROP PROCEDURE IF EXISTS `spUserAccClearData`;
DELIMITER ;;
CREATE DEFINER=`root`@`localhost` PROCEDURE `spUserAccClearData`(_UserName NVARCHAR(500),
_UserPwd NVARCHAR(500))
BEGIN
 
SELECT tblusers.UserID, 
tblusers.BranchID, 
tblusers.UserName, 
tblusers.`Password` AS UserPassword, 
tblusers.`Level` AS UserLever, 
tblusers.`Status` AS UserStatus,
tblbranch.BranchName
FROM `tblUsers`
INNER JOIN tblbranch
ON tblbranch.BranchID = tblusers.BranchID
WHERE tblusers.UserName = _UserName 
AND tblusers.`Password` = _UserPwd 
AND tblusers.`STATUS` = 1
AND tblusers.UserID = 1;

END
;;
DELIMITER ;

-- ----------------------------
-- Procedure structure for `spUserAccSelete`
-- ----------------------------
DROP PROCEDURE IF EXISTS `spUserAccSelete`;
DELIMITER ;;
CREATE DEFINER=`root`@`localhost` PROCEDURE `spUserAccSelete`(_UserName NVARCHAR(500),
_UserPwd NVARCHAR(500))
BEGIN
 
SELECT tblusers.UserID, 
tblusers.BranchID, 
tblusers.UserName, 
tblusers.`Password` AS UserPassword, 
tblusers.`Level` AS UserLever, 
tblusers.`Status` AS UserStatus,
tblbranch.BranchName
FROM `tblUsers`
INNER JOIN tblbranch
ON tblbranch.BranchID = tblusers.BranchID
WHERE tblusers.UserName = _UserName 
AND tblusers.`Password` = _UserPwd 
AND tblusers.`STATUS` = 1;

END
;;
DELIMITER ;

-- ----------------------------
-- Procedure structure for `sp_Branch_Delete`
-- ----------------------------
DROP PROCEDURE IF EXISTS `sp_Branch_Delete`;
DELIMITER ;;
CREATE DEFINER=`root`@`localhost` PROCEDURE `sp_Branch_Delete`(IN  _BranchID NVARCHAR(50))
BEGIN
	DELETE From tblbranch 
	WHERE BranchID=_BranchID;
END
;;
DELIMITER ;

-- ----------------------------
-- Procedure structure for `sp_Branch_Select`
-- ----------------------------
DROP PROCEDURE IF EXISTS `sp_Branch_Select`;
DELIMITER ;;
CREATE DEFINER=`root`@`localhost` PROCEDURE `sp_Branch_Select`(IN  _Search NVARCHAR(50))
BEGIN

IF (_Search="") THEN
	SELECT 	
	BranchID,
	BranchName,
	Decription 
	From tblbranch
	WHERE BranchID != 0;
ELSE 
	SELECT 	
	BranchID,
	BranchName,
	Decription 
	From tblbranch 
	WHERE (BranchName Like CONCAT('%' , _Search , '%') OR Decription Like CONCAT('%' , _Search , '%')  )
	AND BranchID != 0;
END IF;
END
;;
DELIMITER ;

-- ----------------------------
-- Procedure structure for `sp_Branch_Update`
-- ----------------------------
DROP PROCEDURE IF EXISTS `sp_Branch_Update`;
DELIMITER ;;
CREATE DEFINER=`root`@`localhost` PROCEDURE `sp_Branch_Update`(IN  _BranchID NVARCHAR(50),_BranchName NVARCHAR(100),_Decription NVARCHAR(250))
BEGIN
	UPDATE tblbranch SET
			BranchName=_BranchName,
			Decription=_Decription
	WHERE BranchID=_BranchID;
END
;;
DELIMITER ;

-- ----------------------------
-- Procedure structure for `sp_Category_Delete`
-- ----------------------------
DROP PROCEDURE IF EXISTS `sp_Category_Delete`;
DELIMITER ;;
CREATE DEFINER=`root`@`localhost` PROCEDURE `sp_Category_Delete`(IN  _ProductCategoryID NVARCHAR(50))
BEGIN
	DELETE From tblproductcategory
	WHERE ProductCategoryID=_ProductCategoryID;
END
;;
DELIMITER ;

-- ----------------------------
-- Procedure structure for `sp_Category_Select`
-- ----------------------------
DROP PROCEDURE IF EXISTS `sp_Category_Select`;
DELIMITER ;;
CREATE DEFINER=`root`@`localhost` PROCEDURE `sp_Category_Select`(IN  _Search NVARCHAR(200))
BEGIN

IF (_Search="") THEN
	SELECT 	
	ProductCategoryID,
	ProductCategoryName,
	Decription 
	From tblproductcategory;
ELSE 
	SELECT 	
	ProductCategoryID,
	ProductCategoryName,
	Decription 
	From tblproductcategory
	WHERE (ProductCategoryName Like CONCAT('%' , _Search , '%') OR Decription Like CONCAT('%' , _Search , '%')  );
END IF;
END
;;
DELIMITER ;

-- ----------------------------
-- Procedure structure for `sp_Category_Update`
-- ----------------------------
DROP PROCEDURE IF EXISTS `sp_Category_Update`;
DELIMITER ;;
CREATE DEFINER=`root`@`localhost` PROCEDURE `sp_Category_Update`(IN  _ProductCategoryID NVARCHAR(50),_ProductCategoryName NVARCHAR(100),_Decription NVARCHAR(250))
BEGIN
	UPDATE tblproductcategory SET
			ProductCategoryName=_ProductCategoryName,
			Decription=_Decription
	WHERE ProductCategoryID=_ProductCategoryID;
END
;;
DELIMITER ;

-- ----------------------------
-- Procedure structure for `sp_Insert_Branch`
-- ----------------------------
DROP PROCEDURE IF EXISTS `sp_Insert_Branch`;
DELIMITER ;;
CREATE DEFINER=`root`@`localhost` PROCEDURE `sp_Insert_Branch`(IN 
_BranchID NVARCHAR(50),
_BranchName NVARCHAR(100),
_Decription NVARCHAR(500))
BEGIN

INSERT INTO tblbranch(
	BranchID,
	BranchName,
	Decription
	
)
	VALUES ( 
	_BranchID,
	_BranchName,
	_Decription
	
);

END
;;
DELIMITER ;

-- ----------------------------
-- Procedure structure for `sp_Insert_Category`
-- ----------------------------
DROP PROCEDURE IF EXISTS `sp_Insert_Category`;
DELIMITER ;;
CREATE DEFINER=`root`@`localhost` PROCEDURE `sp_Insert_Category`(IN  _ProductCategoryID NVARCHAR(50),_ProductCategoryName NVARCHAR(100),_Decription NVARCHAR(250))
BEGIN

INSERT INTO tblproductcategory(
	ProductCategoryID,
	ProductCategoryName,
	Decription
	
)
	VALUES ( 
	_ProductCategoryID,
	_ProductCategoryName,
	_Decription
);

END
;;
DELIMITER ;

-- ----------------------------
-- Procedure structure for `sp_Insert_UserAccount`
-- ----------------------------
DROP PROCEDURE IF EXISTS `sp_Insert_UserAccount`;
DELIMITER ;;
CREATE DEFINER=`root`@`localhost` PROCEDURE `sp_Insert_UserAccount`(IN  _UserID  NVARCHAR(100),_BranchID  NVARCHAR(50),_UserName  NVARCHAR(100),_Password  NVARCHAR(100), _Level int,_Decription NVARCHAR(500),_Status int)
BEGIN

INSERT INTO tblusers(
  UserID,
	BranchID,
	UserName,
	Password,
	Level,
	Decription,
	Status
)
	VALUES ( 
	_UserID,
	_BranchID,
	_UserName,	
	_Password,
	_Level,
	_Decription,
	_Status

);

END
;;
DELIMITER ;

-- ----------------------------
-- Procedure structure for `sp_UserAccount_Delete`
-- ----------------------------
DROP PROCEDURE IF EXISTS `sp_UserAccount_Delete`;
DELIMITER ;;
CREATE DEFINER=`root`@`localhost` PROCEDURE `sp_UserAccount_Delete`(IN  _UserID  NVARCHAR(100))
BEGIN
	DELETE From tblusers 
  WHERE UserID=_UserID;
END
;;
DELIMITER ;

-- ----------------------------
-- Procedure structure for `sp_UserAccount_Select`
-- ----------------------------
DROP PROCEDURE IF EXISTS `sp_UserAccount_Select`;
DELIMITER ;;
CREATE DEFINER=`root`@`localhost` PROCEDURE `sp_UserAccount_Select`(IN  _Search NVARCHAR(100))
BEGIN

IF (_Search="") THEN
	SELECT 	
	UserID,
	BranchID,
	UserName,
	Password,
	Level,
	Decription,
	Status	
	From tblusers;
ELSE 
	SELECT 	
		UserID,
		BranchID,
		UserName,
		Password,
		Level,
		Decription,
		Status
	From tblusers 
	WHERE (UserName Like CONCAT('%' , _Search , '%') OR Decription Like CONCAT('%' , _Search , '%')  );
END IF;
END
;;
DELIMITER ;

-- ----------------------------
-- Procedure structure for `sp_UserAccount_Select_By_ID`
-- ----------------------------
DROP PROCEDURE IF EXISTS `sp_UserAccount_Select_By_ID`;
DELIMITER ;;
CREATE DEFINER=`root`@`localhost` PROCEDURE `sp_UserAccount_Select_By_ID`(IN  _BranchID NVARCHAR(100))
BEGIN

	SELECT 	
	UserID,
	BranchID,
	UserName,
	Password,
	Level,
	Decription,
	Status	
	From tblusers
	WHERE BranchID=_BranchID;
END
;;
DELIMITER ;

-- ----------------------------
-- Procedure structure for `sp_UserAccount_Update`
-- ----------------------------
DROP PROCEDURE IF EXISTS `sp_UserAccount_Update`;
DELIMITER ;;
CREATE DEFINER=`root`@`localhost` PROCEDURE `sp_UserAccount_Update`(IN  _UserID  NVARCHAR(100),_BranchID  NVARCHAR(50),_UserName  NVARCHAR(100), _Level int,_Decription NVARCHAR(500),_Status int)
BEGIN
	UPDATE tblusers SET
			BranchID =_BranchID,
			UserName=_UserName,
			Level=_Level,
			Decription=_Decription,
			Status=_Status
	WHERE UserID=_UserID;
END
;;
DELIMITER ;

-- ----------------------------
-- Function structure for `IncomeLevel`
-- ----------------------------
DROP FUNCTION IF EXISTS `IncomeLevel`;
DELIMITER ;;
CREATE DEFINER=`root`@`localhost` FUNCTION `IncomeLevel`( monthly_value INT ) RETURNS varchar(20) CHARSET utf8
BEGIN

   DECLARE income_level varchar(20);

   IF monthly_value <= 4000 THEN
      SET income_level = 'Low Income';

   ELSEIF monthly_value > 4000 AND monthly_value <= 7000 THEN
      SET income_level = 'Avg Income';

   ELSE
      SET income_level = 'High Income';

   END IF;

   RETURN income_level;

END
;;
DELIMITER ;

-- ----------------------------
-- Function structure for `PageCount`
-- ----------------------------
DROP FUNCTION IF EXISTS `PageCount`;
DELIMITER ;;
CREATE DEFINER=`root`@`localhost` FUNCTION `PageCount`( value INT ) RETURNS varchar(10) CHARSET utf8
    DETERMINISTIC
BEGIN

   DECLARE level varchar(20);

   IF value < 500 THEN
      SET level = 'Low';

   ELSEIF value >= 500 AND value <= 4000 THEN
      SET level = 'Medium';

   ELSE
      SET level = 'High';

   END IF;

   RETURN level;

END
;;
DELIMITER ;
